{
  "v": "5.5.2",
  "fr": 60,
  "ip": 0,
  "op": 120,
  "w": 48,
  "h": 48,
  "nm": "Artboard 10",
  "ddd": 0,
  "assets": [],
  "layers": [
    {
      "ddd": 0,
      "ind": 1,
      "ty": 4,
      "nm": "Path 7",
      "sr": 1,
      "ks": {
        "o": { "a": 0, "k": 100, "ix": 11 },
        "r": { "a": 0, "k": 0, "ix": 10 },
        "p": { "a": 0, "k": [13, 23.5, 0], "ix": 2 },
        "a": { "a": 0, "k": [0, 0, 0], "ix": 1 },
        "s": { "a": 0, "k": [100, 100, 100], "ix": 6 }
      },
      "ao": 0,
      "shapes": [
        {
          "ty": "gr",
          "it": [
            {
              "ind": 0,
              "ty": "sh",
              "ix": 1,
              "ks": {
                "a": 0,
                "k": {
                  "i": [
                    [0, 0],
                    [0, 0]
                  ],
                  "o": [
                    [0, 0],
                    [0, 0]
                  ],
                  "v": [
                    [0, -12],
                    [0, 12.5]
                  ],
                  "c": false
                },
                "ix": 2
              },
              "nm": "路径 1",
              "mn": "ADBE Vector Shape - Group",
              "hd": false
            },
            {
              "ty": "st",
              "c": { "a": 0, "k": [0.25882352941176473, 0.7843137254901961, 0.23529411764705882, 1], "ix": 3 },
              "o": { "a": 0, "k": 100, "ix": 4 },
              "w": { "a": 0, "k": 5, "ix": 5 },
              "lc": 2,
              "lj": 2,
              "bm": 0,
              "nm": "描边 1",
              "mn": "ADBE Vector Graphic - Stroke",
              "hd": false
            },
            {
              "ty": "tr",
              "p": { "a": 0, "k": [0, 0], "ix": 2 },
              "a": { "a": 0, "k": [0, 0], "ix": 1 },
              "s": { "a": 0, "k": [100, 100], "ix": 3 },
              "r": { "a": 0, "k": 0, "ix": 6 },
              "o": { "a": 0, "k": 100, "ix": 7 },
              "sk": { "a": 0, "k": 0, "ix": 4 },
              "sa": { "a": 0, "k": 0, "ix": 5 },
              "nm": "变换"
            }
          ],
          "nm": "Path 6",
          "np": 2,
          "cix": 2,
          "bm": 0,
          "ix": 1,
          "mn": "ADBE Vector Group",
          "hd": false
        },
        {
          "ty": "tm",
          "s": { "a": 1, "k": [{ "i": { "x": [0.833], "y": [0.833] }, "o": { "x": [0.167], "y": [0.167] }, "t": 0, "s": [95], "e": [0] }, { "i": { "x": [0.833], "y": [0.833] }, "o": { "x": [0.167], "y": [0.167] }, "t": 21, "s": [0], "e": [95] }, { "i": { "x": [0.833], "y": [0.833] }, "o": { "x": [0.167], "y": [0.167] }, "t": 46, "s": [95], "e": [0] }, { "i": { "x": [0.833], "y": [0.833] }, "o": { "x": [0.167], "y": [0.167] }, "t": 71, "s": [0], "e": [95] }, { "i": { "x": [0.833], "y": [0.833] }, "o": { "x": [0.167], "y": [0.167] }, "t": 90, "s": [95], "e": [50] }, { "i": { "x": [0.833], "y": [0.833] }, "o": { "x": [0.167], "y": [0.167] }, "t": 105, "s": [50], "e": [95] }, { "t": 119 }], "ix": 1 },
          "e": { "a": 0, "k": 100, "ix": 2 },
          "o": { "a": 0, "k": 0, "ix": 3 },
          "m": 1,
          "ix": 2,
          "nm": "修剪路径 1",
          "mn": "ADBE Vector Filter - Trim",
          "hd": false
        }
      ],
      "ip": 0,
      "op": 120,
      "st": 0,
      "bm": 0
    },
    {
      "ddd": 0,
      "ind": 2,
      "ty": 4,
      "nm": "Path 6",
      "sr": 1,
      "ks": {
        "o": { "a": 0, "k": 100, "ix": 11 },
        "r": { "a": 0, "k": 0, "ix": 10 },
        "p": { "a": 0, "k": [24, 23.5, 0], "ix": 2 },
        "a": { "a": 0, "k": [0, 0, 0], "ix": 1 },
        "s": { "a": 0, "k": [100, 100, 100], "ix": 6 }
      },
      "ao": 0,
      "shapes": [
        {
          "ty": "gr",
          "it": [
            {
              "ind": 0,
              "ty": "sh",
              "ix": 1,
              "ks": {
                "a": 0,
                "k": {
                  "i": [
                    [0, 0],
                    [0, 0]
                  ],
                  "o": [
                    [0, 0],
                    [0, 0]
                  ],
                  "v": [
                    [0, -12],
                    [0, 12.5]
                  ],
                  "c": false
                },
                "ix": 2
              },
              "nm": "路径 1",
              "mn": "ADBE Vector Shape - Group",
              "hd": false
            },
            {
              "ty": "st",
              "c": { "a": 0, "k": [0.25882352941176473, 0.7843137254901961, 0.23529411764705882, 1], "ix": 3 },
              "o": { "a": 0, "k": 100, "ix": 4 },
              "w": { "a": 0, "k": 5, "ix": 5 },
              "lc": 2,
              "lj": 2,
              "bm": 0,
              "nm": "描边 1",
              "mn": "ADBE Vector Graphic - Stroke",
              "hd": false
            },
            {
              "ty": "tr",
              "p": { "a": 0, "k": [0, 0], "ix": 2 },
              "a": { "a": 0, "k": [0, 0], "ix": 1 },
              "s": { "a": 0, "k": [100, 100], "ix": 3 },
              "r": { "a": 0, "k": 0, "ix": 6 },
              "o": { "a": 0, "k": 100, "ix": 7 },
              "sk": { "a": 0, "k": 0, "ix": 4 },
              "sa": { "a": 0, "k": 0, "ix": 5 },
              "nm": "变换"
            }
          ],
          "nm": "Path 6",
          "np": 2,
          "cix": 2,
          "bm": 0,
          "ix": 1,
          "mn": "ADBE Vector Group",
          "hd": false
        },
        {
          "ty": "tm",
          "s": { "a": 1, "k": [{ "i": { "x": [0.833], "y": [0.833] }, "o": { "x": [0.167], "y": [0.167] }, "t": 0, "s": [96], "e": [60] }, { "i": { "x": [0.833], "y": [0.833] }, "o": { "x": [0.167], "y": [0.167] }, "t": 15, "s": [60], "e": [80] }, { "i": { "x": [0.833], "y": [0.833] }, "o": { "x": [0.167], "y": [0.167] }, "t": 30, "s": [80], "e": [98] }, { "i": { "x": [0.833], "y": [0.833] }, "o": { "x": [0.167], "y": [0.167] }, "t": 35, "s": [98], "e": [20] }, { "i": { "x": [0.833], "y": [0.833] }, "o": { "x": [0.167], "y": [0.167] }, "t": 50, "s": [20], "e": [0] }, { "i": { "x": [0.833], "y": [0.833] }, "o": { "x": [0.167], "y": [0.167] }, "t": 55, "s": [0], "e": [80] }, { "i": { "x": [0.833], "y": [0.833] }, "o": { "x": [0.167], "y": [0.167] }, "t": 70, "s": [80], "e": [94] }, { "i": { "x": [0.833], "y": [0.833] }, "o": { "x": [0.167], "y": [0.167] }, "t": 75, "s": [94], "e": [20] }, { "i": { "x": [0.833], "y": [0.833] }, "o": { "x": [0.167], "y": [0.167] }, "t": 90, "s": [20], "e": [0] }, { "i": { "x": [0.833], "y": [0.833] }, "o": { "x": [0.167], "y": [0.167] }, "t": 94, "s": [0], "e": [80] }, { "i": { "x": [0.833], "y": [0.833] }, "o": { "x": [0.167], "y": [0.167] }, "t": 115, "s": [80], "e": [95] }, { "t": 119 }], "ix": 1 },
          "e": { "a": 0, "k": 100, "ix": 2 },
          "o": { "a": 0, "k": 0, "ix": 3 },
          "m": 1,
          "ix": 2,
          "nm": "修剪路径 1",
          "mn": "ADBE Vector Filter - Trim",
          "hd": false
        }
      ],
      "ip": 0,
      "op": 120,
      "st": 0,
      "bm": 0
    },
    {
      "ddd": 0,
      "ind": 3,
      "ty": 4,
      "nm": "Path 8",
      "sr": 1,
      "ks": {
        "o": { "a": 0, "k": 100, "ix": 11 },
        "r": { "a": 0, "k": 0, "ix": 10 },
        "p": { "a": 0, "k": [35, 23.5, 0], "ix": 2 },
        "a": { "a": 0, "k": [0, 0, 0], "ix": 1 },
        "s": { "a": 0, "k": [100, 100, 100], "ix": 6 }
      },
      "ao": 0,
      "shapes": [
        {
          "ty": "gr",
          "it": [
            {
              "ind": 0,
              "ty": "sh",
              "ix": 1,
              "ks": {
                "a": 0,
                "k": {
                  "i": [
                    [0, 0],
                    [0, 0]
                  ],
                  "o": [
                    [0, 0],
                    [0, 0]
                  ],
                  "v": [
                    [0, -12],
                    [0, 12.5]
                  ],
                  "c": false
                },
                "ix": 2
              },
              "nm": "路径 1",
              "mn": "ADBE Vector Shape - Group",
              "hd": false
            },
            {
              "ty": "st",
              "c": { "a": 0, "k": [0.25882352941176473, 0.7843137254901961, 0.23529411764705882, 1], "ix": 3 },
              "o": { "a": 0, "k": 100, "ix": 4 },
              "w": { "a": 0, "k": 5, "ix": 5 },
              "lc": 2,
              "lj": 2,
              "bm": 0,
              "nm": "描边 1",
              "mn": "ADBE Vector Graphic - Stroke",
              "hd": false
            },
            {
              "ty": "tr",
              "p": { "a": 0, "k": [0, 0], "ix": 2 },
              "a": { "a": 0, "k": [0, 0], "ix": 1 },
              "s": { "a": 0, "k": [100, 100], "ix": 3 },
              "r": { "a": 0, "k": 0, "ix": 6 },
              "o": { "a": 0, "k": 100, "ix": 7 },
              "sk": { "a": 0, "k": 0, "ix": 4 },
              "sa": { "a": 0, "k": 0, "ix": 5 },
              "nm": "变换"
            }
          ],
          "nm": "Path 6",
          "np": 2,
          "cix": 2,
          "bm": 0,
          "ix": 1,
          "mn": "ADBE Vector Group",
          "hd": false
        },
        {
          "ty": "tm",
          "s": { "a": 1, "k": [{ "i": { "x": [0.833], "y": [0.833] }, "o": { "x": [0.167], "y": [0.167] }, "t": 0, "s": [97], "e": [60] }, { "i": { "x": [0.833], "y": [0.833] }, "o": { "x": [0.167], "y": [0.167] }, "t": 15, "s": [60], "e": [80] }, { "i": { "x": [0.833], "y": [0.833] }, "o": { "x": [0.167], "y": [0.167] }, "t": 30, "s": [80], "e": [98] }, { "i": { "x": [0.833], "y": [0.833] }, "o": { "x": [0.167], "y": [0.167] }, "t": 35, "s": [98], "e": [20] }, { "i": { "x": [0.833], "y": [0.833] }, "o": { "x": [0.167], "y": [0.167] }, "t": 50, "s": [20], "e": [0] }, { "i": { "x": [0.833], "y": [0.833] }, "o": { "x": [0.167], "y": [0.167] }, "t": 55, "s": [0], "e": [80] }, { "i": { "x": [0.833], "y": [0.833] }, "o": { "x": [0.167], "y": [0.167] }, "t": 70, "s": [80], "e": [94] }, { "i": { "x": [0.833], "y": [0.833] }, "o": { "x": [0.167], "y": [0.167] }, "t": 75, "s": [94], "e": [20] }, { "i": { "x": [0.833], "y": [0.833] }, "o": { "x": [0.167], "y": [0.167] }, "t": 90, "s": [20], "e": [0] }, { "i": { "x": [0.833], "y": [0.833] }, "o": { "x": [0.167], "y": [0.167] }, "t": 94, "s": [0], "e": [80] }, { "i": { "x": [0.833], "y": [0.833] }, "o": { "x": [0.167], "y": [0.167] }, "t": 115, "s": [80], "e": [95] }, { "t": 119 }], "ix": 1 },
          "e": { "a": 0, "k": 100, "ix": 2 },
          "o": { "a": 0, "k": 0, "ix": 3 },
          "m": 1,
          "ix": 2,
          "nm": "修剪路径 1",
          "mn": "ADBE Vector Filter - Trim",
          "hd": false
        }
      ],
      "ip": 0,
      "op": 120,
      "st": 0,
      "bm": 0
    }
  ],
  "markers": []
}
